"conversation_id_str","created_at","favorite_count","full_text","id_str","image_url","in_reply_to_screen_name","lang","location","quote_count","reply_count","retweet_count","tweet_url","user_id_str","username"
"1967459959391867132","Mon Sep 15 05:26:22 +0000 2025","865","PNS badannya kurang tinggi dikit ga lolos giliran bahlil mukanya kurang masuk akal boleh jadi menteri","1967459959391867132","","","in","","22","26","366","https://x.com/undefined/status/1967459959391867132","1115527493522345990",
"1966892003989520497","Sat Sep 13 15:49:31 +0000 2025","11374","AFFAN BELUM DAPAT KEADILAN PELAKUNYA CUMA DIPECAT DAN TIDAK DIADILI 10 KORBAN MD LAINNYA BELUM ADA PERTANGGUNGJAWABAN RATUSAN MASIH DI TAHAN PULUHAN HILANG. jangan back to normal lagi atuh woi rawat ingatan kolektif buat terus digaungin biar orang banyak gak lupa.","1966892003989520497","","","in","","35","11","8452","https://x.com/undefined/status/1966892003989520497","1738713236609159168",
"1964889328532021302","Mon Sep 08 03:11:36 +0000 2025","5053","ACAB itu semua ya guys ya. Semua. Ga ada pengecualian. Karena di institusi itu cuma ada dua tipe: - Jahat kalaupun ga jahat - Rida terhadap kejahatan (complicit). Ga ada itu yang baik. Yang baik antara keluar sendiri dipaksa keluar atau tewas.","1964889328532021302","","","in","","27","9","2573","https://x.com/undefined/status/1964889328532021302","1202899827480088577",
"1964212259523014967","Sat Sep 06 06:21:10 +0000 2025","192","putu mayang #reset https://t.co/v6SMfqJAXG","1964212259523014967","https://pbs.twimg.com/media/G0JInjeWwAAfttE.jpg","","in","","1","27","2","https://x.com/undefined/status/1964212259523014967","1115527493522345990",
"1963959140495057283","Fri Sep 05 13:35:22 +0000 2025","352","malas baca jadi acab malas konsolidasi jadi afutami","1963959140495057283","","","in","","13","6","71","https://x.com/undefined/status/1963959140495057283","4461377052",
"1964514308567797996","Sun Sep 07 02:21:24 +0000 2025","11637","Halte rusak bisa dibangun lagi. Orang mati gak bisa hidup lagi. Apalagi yg rusak halte provokator mudah aja nangkepnya buktinya yg jarah rumah bisa ditangkepin juga. Bikin kita bertanya2 ngapain polisi bunuhin orang? Ngapain mukulin orang? Lalu kita berkesimpulan: ACAB.","1964514308567797996","","","in","","20","10","6762","https://x.com/undefined/status/1964514308567797996","47891751",
"1967422620602880191","Mon Sep 15 03:20:31 +0000 2025","5","dibuka dengan wangi kertas dan kapas yang belum pernah kebayang sama aku sebelumnya lalu ada lemon yang segar pink peppercorn dan fig leaves yang spicy-herby. disambut aroma mawar orange flower dan bunga kering yang subtil banget. ga ada yang menonjol sendiri harmonis aja. https://t.co/mY70oDVrwk","1967428287606779947","https://pbs.twimg.com/amplify_video_thumb/1967428219478626304/img/VkyWMecplG1tn-OT.jpg","centildikit","in","","2","1","0","https://x.com/undefined/status/1967428287606779947","1115527493522345990",
"1967377826514182418","Mon Sep 15 08:00:04 +0000 2025","107","@ARSIPAJA ACAB AZAB Zionis member +1 its indonesian police. https://t.co/wYdDtAbROG","1967498639556899299","https://pbs.twimg.com/media/G031lcmbcAEmTJE.jpg","ARSIPAJA","in","","0","0","9","https://x.com/undefined/status/1967498639556899299","1311843980636643328",
"1963856625493475588","Fri Sep 05 06:48:00 +0000 2025","64","ada yang kenal sama akun ini? kalo misalnya ada info selain nomor wa nya boleh tolong disampaikan ya.... aku cuman punya nomor wa dia (skrg centang satu tp ga diblokir kayaknya) also meng kalo lu liat ini tolong balikin ya 395k + 20k yang lo pinjem waktu itu. https://t.co/qG2Uk7CT2U","1963856625493475588","https://pbs.twimg.com/media/G0EFMHUbgAAtl7b.jpg","","in","","39","1","80","https://x.com/undefined/status/1963856625493475588","1495688110755045376",
"1964890339543834998","Mon Sep 08 03:15:37 +0000 2025","25","semoga tuhan mengampuni aku untuk cara-caraku menghadapi rasa sakit","1964890339543834998","","","in","","3","0","7","https://x.com/undefined/status/1964890339543834998","1115527493522345990",
"1964137952239644938","Sat Sep 06 01:25:54 +0000 2025","4","ACAB Aku Cinta Ayam Bakar https://t.co/CRyjPYdsGq","1964137952239644938","https://pbs.twimg.com/media/G0IFDwSbUAEPB6S.jpg","","in","","0","0","0","https://x.com/undefined/status/1964137952239644938","1496066001649410048",
"1964641435485106196","Sun Sep 07 10:46:34 +0000 2025","25","feast tapi bukan baskara https://t.co/l4OMMiNIn8","1964641435485106196","https://pbs.twimg.com/media/G0POCsfXwAAMFdM.jpg","","in","","0","1","0","https://x.com/undefined/status/1964641435485106196","1115527493522345990",
"1963943018228076772","Sun Sep 07 01:07:53 +0000 2025","37","@ReynaValmores ACAB. Solidarity from Indonesia #SEAblings https://t.co/J2uryHJRh0","1964495804741406770","https://pbs.twimg.com/media/G0NKgxZXkAADjFQ.jpg","ReynaValmores","in","","0","0","5","https://x.com/undefined/status/1964495804741406770","1215641139673542656",
"1964697914959405462","Sun Sep 07 14:30:59 +0000 2025","26","jujur gw gak mau kuliah","1964697914959405462","","","in","","0","0","8","https://x.com/undefined/status/1964697914959405462","1619698171072114689",
"1965094093832548454","Mon Sep 08 16:45:16 +0000 2025","1223","üáÆüá© Indonesia #ACAB https://t.co/bdnEeS3ewH","1965094093832548454","https://pbs.twimg.com/amplify_video_thumb/1965093795382407168/img/QuIsXx7RqgRr10Wd.jpg","","in","","12","0","382","https://x.com/undefined/status/1965094093832548454","1720152282",
"1963315187462930487","Wed Sep 03 18:56:31 +0000 2025","12","Barusan selesai merajut bookmark dengan trio warna perjuangan. Ayo banyak2 baca supaya gak jadi acab~ Thank youuu bukunya mbak @nenyish!! https://t.co/0AnBoknVvS","1963315187462930487","https://pbs.twimg.com/media/Gz8YwDrbkAMWMEH.jpg","","in","","0","2","1","https://x.com/undefined/status/1963315187462930487","139762728",
"1963516650818617801","Thu Sep 04 10:29:49 +0000 2025","7140","@Jateng_Twit sebetulnya betul emg bukan tugas bapak tersebut bantuin yg kehilangan hp. tp etika si bapak yg ngga ada. bapaknya gapunya empati. security bank jg gabisa loh bantu nasabah yg atmnya ketelen. tp kalau kita mintol jawabannya saya bantu antrikan ke CS ya acab ini mannernya 0","1963550057988292847","","Jateng_Twit","in","","13","33","593","https://x.com/undefined/status/1963550057988292847","1512790187449135106",
"1967277929660141653","Sun Sep 14 17:23:03 +0000 2025","2","gamau buka tp udah tau bgt ini pap titit. kaya yang bagus aja titit loooo kambinggggg https://t.co/5kPRphFTo8","1967277929660141653","https://pbs.twimg.com/media/G00s2HjbsAAdN_i.jpg","","in","","0","1","0","https://x.com/undefined/status/1967277929660141653","1115527493522345990",
"1964132718503235685","Sat Sep 06 01:05:06 +0000 2025","50","berpulangnya affan membuatku terbangun dari koma berbulan-bulan catatan demonstrasi 010925-020925 #acab #1312 #resetindonesia Ô∏è rora https://t.co/AjYgRcxaGP","1964132718503235685","https://pbs.twimg.com/media/G0IASy_bUAIdNME.jpg","","in","","0","1","10","https://x.com/undefined/status/1964132718503235685","1941733496596332544",
"1964522766964838421","Sun Sep 07 02:55:01 +0000 2025","307","Kenapa pendukung polisi dan rezim kelakuan kasar ketikannya juga kasar yah? #ACAB https://t.co/grfh8g3BgM","1964522766964838421","https://pbs.twimg.com/media/G0NjCzNbUAYVt_y.jpg","","in","","1","20","16","https://x.com/undefined/status/1964522766964838421","96731378",
"1963699138073329965","Thu Sep 04 20:22:12 +0000 2025","20","jangan rasis jangan seksis saling peluk baku jagaki baku lindungiki jangan kelahi sesama ya miskin jangan ambil dari yang miskin - @.barabaraya.bersatu","1963699138073329965","","","in","","1","0","4","https://x.com/undefined/status/1963699138073329965","1738713236609159168",
"1966106518346150397","Thu Sep 11 11:48:17 +0000 2025","6","Mau ENFJ STMJ ANCD ACAB kalo ga solad di mata Allah kalian semua sama saja","1966106518346150397","","","in","","0","1","5","https://x.com/undefined/status/1966106518346150397","1483808209152638977",
"1967530686312808580","Mon Sep 15 10:07:25 +0000 2025","14","Ikut piknik lagiii Btw aku pakai baju kucing ACAB super lucu punya Kak @heywannaknoww https://t.co/EyzRIVqIWk","1967530686312808580","https://pbs.twimg.com/media/G04SustawAAPzLg.jpg","","in","","1","1","2","https://x.com/undefined/status/1967530686312808580","1863521222988075008",
"1965658373434823018","Wed Sep 10 06:07:31 +0000 2025","79","dunia lagi panas-panasnya https://t.co/aawNlJo8KL","1965658373434823018","https://pbs.twimg.com/media/G0dr2-AaoAAIGR1.jpg","","in","","0","6","0","https://x.com/undefined/status/1965658373434823018","1115527493522345990",
"1963591741904159204","Thu Sep 04 13:15:27 +0000 2025","24","ACAB!!!! sampe sekarangpun ga ada kejelasan buat Alm Rheza https://t.co/o3O7Ibl81a","1963591741904159204","https://pbs.twimg.com/media/G0AScJpbYAEwEHs.jpg","","in","","0","1","5","https://x.com/undefined/status/1963591741904159204","1621657058843164672",
"1965592822121476271","Wed Sep 10 01:47:02 +0000 2025","31","Berkali2 gue bilang polisi tuh punya pilihan buat berpihak. Lu bukan budak pejabat lu punya pilihan buat memihak rakyat atau pejabat bajingan yg merugikan negara dan rakyat. Tapi ACAB di Indonesia itu malah takut buat bertindak karena ga mau hilang profesinya yg didapat dari-","1965592822121476271","","","in","","0","1","6","https://x.com/undefined/status/1965592822121476271","1244196180126396417",
"1963648311161749650","Thu Sep 04 17:00:14 +0000 2025","65","ACAB. Polisi dan pemerintah Indonesia benar2 belajar banyak dari para fasis di mamariki &amp; isriwil.","1963648311161749650","","","in","","0","1","28","https://x.com/undefined/status/1963648311161749650","760509590547030018",
"1963906937072111713","Fri Sep 05 10:07:56 +0000 2025","131","halo teman-teman yg udah Po kaos acab &amp; bersericat sebagian hasil penjualannya aku donasiin ke @maribasuara &amp; permad sukabumi (twitternya kena banned) untuk bantu-bantu korban dari tim medis kemaren. proud ke kalian tetap arahkan amarah ke atas &amp; rangkul ke kiri-kanan https://t.co/NNjQP8GTfJ","1963906937072111713","https://pbs.twimg.com/media/G0Ey8mjbEAA1X3v.jpg","","in","","1","3","35","https://x.com/undefined/status/1963906937072111713","1794238331699736576",
"1967422620602880191","Mon Sep 15 03:20:09 +0000 2025","4","sejak awal dengar konsep empty room aku penasaran banget. parfum wangi ruangan kosong tuh kayak gimana sih? bau debu kah? bau cat? ternyata bukan! nama empty room ini adalah metafora karena wanginya yang clean menggambarkan kanvas kosong. bersih ga berisik awal yang baru. https://t.co/VsAFZ8Ll8E","1967428193616601383","https://pbs.twimg.com/media/G021gcRagAA1X3q.jpg","centildikit","in","","0","1","0","https://x.com/undefined/status/1967428193616601383","1115527493522345990",
"1964321516771787214","Sat Sep 06 13:35:19 +0000 2025","2047","wkwkwkwkwwkwkwkwkwkwkwkkwkwkw request lagu acab yang baek hati baaang","1964321516771787214","","","in","","15","88","784","https://x.com/undefined/status/1964321516771787214","312534295",
"1965712833393664469","Wed Sep 10 09:43:55 +0000 2025","4","ada yang mau titip shampoo tsubaki gaaa buy 1 get 1 nich exp masih jauhh! fee-nya 20k ajah exclude ongkir atau bisa gratis ongkir via (ada admin fee) https://t.co/4OAjb6o0LP","1965712833393664469","https://pbs.twimg.com/media/G0edYyKbEAAm9pq.jpg","","in","","0","3","0","https://x.com/undefined/status/1965712833393664469","1115527493522345990",
"1966047738912718988","Thu Sep 11 07:54:43 +0000 2025","16","Brutalitas aparat masih belum dihukum dengan tegas penyuara-penyuara demokrasi masih dikriminalisasi dan belum pulang ke rumah wakil rakyat masih tidak mendengar aspirasi 17+8 masih belum tuntas. Teruslah marah! #ACAB","1966047738912718988","","","in","","0","0","1","https://x.com/undefined/status/1966047738912718988","1569140625957859328",
"1963626788019708342","Thu Sep 04 15:34:43 +0000 2025","140","Dear Mas Keren Lebih baik pakai masker atau anonymous saat aksi begini dan jangan upload di medsos pribadi karena hal sepele bisa jadi alibi utk kriminalisasi. Mereka ACAB dan tidak dididik soal demokrasi apalagi soal HAM. Plis hati-hati. https://t.co/UG83cz6ewB","1963626788019708342","https://pbs.twimg.com/amplify_video_thumb/1962902020559368194/img/u81mSwpEhHVJSFGH.jpg","","in","","0","0","34","https://x.com/undefined/status/1963626788019708342","150123967",
"1963477610890920118","Thu Sep 04 05:41:56 +0000 2025","90","ACAB Ada Coffee Aku Bahagia https://t.co/dXIjSDQ8Bu","1963477610890920118","https://pbs.twimg.com/ext_tw_video_thumb/1963477547636985856/pu/img/92Rx-5JcJGLsRLyW.jpg","","in","","0","6","5","https://x.com/undefined/status/1963477610890920118","1216918270629969921",
"1964882159912816675","Mon Sep 08 02:43:07 +0000 2025","18","baru nih mclaren yg gaada drama nya","1964882159912816675","","","in","","0","0","1","https://x.com/undefined/status/1964882159912816675","1487632455096213506",
"1963891111904137256","Fri Sep 05 10:35:11 +0000 2025","19","@basebuku nih tinggal milih mau yg mana bagus semua https://t.co/oM1hBz3FL3","1963913797611159870","https://pbs.twimg.com/media/G0E5LNVWUAAYeQ7.jpg","basebuku","in","","0","2","0","https://x.com/undefined/status/1963913797611159870","1280835292153262080",
"1964083903951753645","Fri Sep 05 21:51:08 +0000 2025","248","WKWKW EVERYONE ALWAYS SAID POTONG GAJI POTONG TUNJANGAN BUT WHY NO ONE SAID POTONG KEPALA? ","1964083903951753645","","","in","","1","3","105","https://x.com/undefined/status/1964083903951753645","1738713236609159168",
"1965251482607104418","Tue Sep 09 03:10:40 +0000 2025","24","eh purbaya lo tuh ga seterkenal itu ga usah star syndrome","1965251482607104418","","","in","","0","0","12","https://x.com/undefined/status/1965251482607104418","1115527493522345990",
"1965657301341384948","Wed Sep 10 06:03:15 +0000 2025","28","Lagi dan lagi kelakuan ACAB https://t.co/8OzZAmDbgF","1965657301341384948","https://pbs.twimg.com/amplify_video_thumb/1965657084990750720/img/mOqbc1IzB9pg5X09.jpg","","in","","1","2","11","https://x.com/undefined/status/1965657301341384948","1156869918370873344",
"1961373693096886776","Fri Aug 29 10:21:43 +0000 2025","20575","Acab gobloknya ga sembuh sembuh https://t.co/6yTon1M39X","1961373693096886776","https://pbs.twimg.com/ext_tw_video_thumb/1961373645064097792/pu/img/G0mq8cdbXSZT9CGs.jpg","","in","","3185","445","10936","https://x.com/undefined/status/1961373693096886776","1794298849651212288",
"1961064914191278176","Thu Aug 28 13:54:45 +0000 2025","20017","Footage lain ojol dilindas yaAllah 1312! ACAB! https://t.co/exlIXR2JgO","1961064914191278176","https://pbs.twimg.com/ext_tw_video_thumb/1961060505382264832/pu/img/xfLTbWVGWWUjMeqQ.jpg","","in","","1949","671","11578","https://x.com/undefined/status/1961064914191278176","1850558971779956736",
"1961988085736255945","Sun Aug 31 03:03:06 +0000 2025","12585","Waspada poster jelek buatan acab","1961988085736255945","","","in","","104","212","7486","https://x.com/undefined/status/1961988085736255945","1794298849651212288",
"1960126357759037905","Mon Aug 25 23:45:15 +0000 2025","1986","Bajer 02 pake bahasa acab giliran kemaren aja bravo bravo anjing https://t.co/AGowdPyaFX","1960126357759037905","https://pbs.twimg.com/media/GzPEiM5acAARlVE.jpg","","in","","28","66","448","https://x.com/undefined/status/1960126357759037905","1794298849651212288",
"1961058964990287883","Thu Aug 28 13:31:06 +0000 2025","1793","Keterlaluan Acab ini","1961058964990287883","","","in","","6","45","735","https://x.com/undefined/status/1961058964990287883","1794298849651212288",
"1961372434222743708","Fri Aug 29 10:16:43 +0000 2025","2779","Massa Malang meluber dan ramai sekali hati hati untuk semua peserta aksi karena sentimen anti Acab sangat tinggi paska Kanjuruhan dan aksi UU TNI https://t.co/NwVHQoRIW8","1961372434222743708","https://pbs.twimg.com/ext_tw_video_thumb/1961372401532637185/pu/img/l_-BgbBPLmupkAp5.jpg","","in","","34","15","1099","https://x.com/undefined/status/1961372434222743708","1794298849651212288",
"1961473178296869180","Fri Aug 29 16:57:02 +0000 2025","4370","ALERTA Aparat kepolisian biadab menembakkan gas air mata ke wilayah permukiman di sekitar Undip Pleburan Semarang. Gas air mata mengenai salah satu pedagang yang sedang berjualan. ACAB!! https://t.co/oS1CgCD4s0","1961473178296869180","https://pbs.twimg.com/amplify_video_thumb/1961471180344328192/img/9rj6VPow3nIiNnOY.jpg","","in","","225","45","3298","https://x.com/undefined/status/1961473178296869180","1850558971779956736",
"1960939508867981515","Thu Aug 28 05:36:26 +0000 2025","513","Acab dan enablernya","1960939508867981515","","","in","","0","1","194","https://x.com/undefined/status/1960939508867981515","1794298849651212288",
"1961411584838045954","Fri Aug 29 12:52:17 +0000 2025","783","Bajingan acab","1961411584838045954","","","in","","0","24","314","https://x.com/undefined/status/1961411584838045954","1794298849651212288",
"1959310317605056783","Sat Aug 23 17:42:36 +0000 2025","1934","Acab gunanya cuma buat jadi penjual sawah doang","1959310317605056783","","","in","","1","6","493","https://x.com/undefined/status/1959310317605056783","1794298849651212288",
"1961232801153650851","Fri Aug 29 01:01:52 +0000 2025","163","Acab jahanam","1961232801153650851","","","in","","0","3","52","https://x.com/undefined/status/1961232801153650851","1794298849651212288",
"1961056543916576801","Thu Aug 28 13:21:29 +0000 2025","5944","Situasi di lapangan dari dalam mobil ambulance untuk evakuasi korban. Apresiasi kami kepada teman-teman yang memberikan jalan. Dan terkutuklah aparat ACAB yang memukuli massa aksi! https://t.co/9wln5CAbFl","1961056543916576801","https://pbs.twimg.com/ext_tw_video_thumb/1961056497250791425/pu/img/cg5x4S2nnPRoqmRP.jpg","","in","","44","29","3504","https://x.com/undefined/status/1961056543916576801","1850558971779956736",
"1960991663834153181","Thu Aug 28 09:03:40 +0000 2025","1165","16:00 ACAB udah barbar nembakin tear gas https://t.co/qxIKifbkzM","1960991663834153181","https://pbs.twimg.com/ext_tw_video_thumb/1960991645522120704/pu/img/Q6PW_n6AF2eQCCzO.jpg","","in","","15","7","468","https://x.com/undefined/status/1960991663834153181","1850558971779956736",
"1960027369617641580","Mon Aug 25 17:11:55 +0000 2025","5690","Dipikir-pikir siapa yang mau bakar pos polisi jam 22:00 di petamburan? Susah untuk ga curiga ini mainannya ACAB. https://t.co/2yEXT5L9I3","1960027369617641580","https://pbs.twimg.com/amplify_video_thumb/1959994813404819457/img/OKl_5EbvfOegHUFc.jpg","","in","","93","83","1616","https://x.com/undefined/status/1960027369617641580","1850558971779956736",
"1961560460475658485","Fri Aug 29 22:43:52 +0000 2025","180","Acab tolol ga puas cuma nembakin warga tapi juga cidukin warga yang bersuara di aosmed","1961560460475658485","","","in","","0","0","110","https://x.com/undefined/status/1961560460475658485","1794298849651212288",
"1943130557132763312","Thu Jul 10 02:10:01 +0000 2025","596","Kita menolak RKUHAP bukan berarti KUHAP yang berlaku gak harus diperbaiki ya gaes. Malah harus banget direvisi. Tapi ya revisinya harus sesuai perlindungan HAM dan keadilan bagi warga bukan malah makin seenaknya mas-mas acab dan penguasa. #TolakRKUHAP #RKUHAPLaluDitangkap","1943130557132763312","","","in","","4","3","357","https://x.com/undefined/status/1943130557132763312","1850558971779956736",
"1963602125939957775","Thu Sep 04 13:56:43 +0000 2025","88","gpplah dicap anak abah walaupun sbnrnya anak yatim drpd anak setan kyk lo-lo pada yang fokus ke hal ga penting (mEnyaMPaikAn KriTik‚Ñ¢ hArUs SoPAnnN1n!n!N! aPA yanG suDAH kALIan beRiKaN kEPAda NegAraA‚Ñ¢?!?! kAsIH sOlUsinYA doOnGg jAnGAn cUMa biSA mEnCElA!!1!!1)","1963602125939957775","","","in","","3","2","26","https://x.com/undefined/status/1963602125939957775","1115527493522345990",
"1965079271506157668","Mon Sep 08 15:46:22 +0000 2025","32","agak bersyukur bapak gue udah meninggal karena kalo belum kayaknya menghadapi negara kayak gini dia bakal meninggal-meninggal juga at least dia tidak merasakan pembohong gendut jadi presiden (agak iri dikit)","1965079271506157668","","","in","","3","3","3","https://x.com/undefined/status/1965079271506157668","1115527493522345990",
"1966731649808552156","Sat Sep 13 06:54:45 +0000 2025","1286","lagian kalo keyboard warrior kenapadah ketimbang elu ngeributin cewe di internet karena ga ada yang mau sama lu irl","1966757426100646260","","centildikit","in","","6","5","89","https://x.com/undefined/status/1966757426100646260","1115527493522345990",
"1965246317007090157","Tue Sep 09 02:50:09 +0000 2025","20","ciluk baaaaaaa https://t.co/ABRR7DfKiq","1965246317007090157","https://pbs.twimg.com/media/G0X1G9rbgAEPJ1u.jpg","","in","","1","0","2","https://x.com/undefined/status/1965246317007090157","924120400769859584",
"1958788879198163286","Fri Aug 22 07:10:35 +0000 2025","4215","Mukulin koruptor gapernah mukulin acab gapernah malah mukulin LGBTQ Idup lu susah gara gara pemerintah bloggg bukan karena orientasi seksual","1958788879198163286","","","in","","35","50","1662","https://x.com/undefined/status/1958788879198163286","1794298849651212288",
"1951074642866917630","Fri Aug 01 00:16:58 +0000 2025","1814","Lu pada liat sendiri aja deh videonya Acab strikes again https://t.co/qo2on2Iyju https://t.co/1zxvq14YIU","1951074642866917630","https://pbs.twimg.com/media/GxOcDDwaIAAHDMS.jpg","","in","","239","173","291","https://x.com/undefined/status/1951074642866917630","1794298849651212288",
"1934807843548614902","Tue Jun 17 02:58:31 +0000 2025","1062","Semua media besar memberitakan pelaporan balik ke propam soal demo buruh jangan lari lu acab https://t.co/AXjF5llcqM","1934807843548614902","https://pbs.twimg.com/media/GtnRehubsAA_HrY.jpg","","in","","2","8","534","https://x.com/undefined/status/1934807843548614902","1794298849651212288",
"1964074093218509288","Fri Sep 05 21:12:09 +0000 2025","198","nih melawan dari dalem nih liat nih","1964074093218509288","","","in","","0","2","58","https://x.com/undefined/status/1964074093218509288","1738713236609159168",
"1963666786639044858","Thu Sep 04 18:13:39 +0000 2025","28","ada lho orang-orang yang pernah aksi damai bangun tenda berhari-hari bangun banyak acara malah yang nemuin satpol pp dan polisi ‚ÄçÔ∏è sampe beberapa diangkut ke dalam mobil polisi dibilang memprovokasi dengan cara diam","1963666786639044858","","","in","","1","0","12","https://x.com/undefined/status/1963666786639044858","1738713236609159168",
"1960027369617641580","Mon Aug 25 17:15:15 +0000 2025","650","Pengingat mainannya ACAB dulu pas bakar halte: https://t.co/2bVozYPmHJ","1960028209652834468","","barengwarga","in","","1","1","177","https://x.com/undefined/status/1960028209652834468","1850558971779956736",
"1965347223929323919","Tue Sep 09 09:31:07 +0000 2025","36","MANIS BANGET EBUSET KIM HYEYOON https://t.co/B9PqhtwVMJ","1965347223929323919","https://pbs.twimg.com/amplify_video_thumb/1965341075448705024/img/teOIlWsNLR_TEb_D.jpg","","in","","0","0","2","https://x.com/undefined/status/1965347223929323919","924120400769859584",
"1965713272080040235","Wed Sep 10 09:45:39 +0000 2025","74","sepanjang nonton ha jiyoung youtube tuh gue kayak https://t.co/BuSqGS5B0r","1965713272080040235","https://pbs.twimg.com/media/G0edzVnakAAliSd.jpg","","in","","1","0","9","https://x.com/undefined/status/1965713272080040235","924120400769859584",
"1963991335628579200","Fri Sep 05 15:43:18 +0000 2025","50","ayo kita sabotase internet lagi kekuarin semua kemarahan sampe TL isinya marah-marah kita semua","1963991335628579200","","","in","","1","1","11","https://x.com/undefined/status/1963991335628579200","1738713236609159168",
"1964011473807786389","Sun Sep 07 01:38:10 +0000 2025","217","@es_twr 1. Kalo ODGJ atau disabilitas mental emang kenapa? Ga ngaruh sama tuntutan. Si Ibu ga ngerugiin siapapun daripada pejabat &amp; aparat 2. Ponakannya kontol. Dia ableist &amp; ngebully bibinya sendiri di medsos dengan dalih klarifikasi. Emang ACAB kontol semua.","1964503428245369339","","es_twr","in","","1","1","46","https://x.com/undefined/status/1964503428245369339","1955271610492981248",
"1966472721748890008","Fri Sep 12 19:16:27 +0000 2025","37","@roblox_fess ava yg hebohboleh pke yg heboh tp pls jgan dipake ngegunung anjrt gw lgi ngedaki tbtb ketutupan sayap malaikat lu¬≤ pda anyinggg dah mana ada efek¬≤ ny mikir kids itu klo orng yg lu tabrak pke hp dh psti ngelag tuh nge load pakaian barongsai lu itu","1966581691478073497","","roblox_fess","in","","2","0","1","https://x.com/undefined/status/1966581691478073497","1627612517873881088",
"1964967326991913208","Mon Sep 08 08:21:32 +0000 2025","31","Brian mendorong pintu kaca kafe itu dengan tergesa napasnya masih setengah memburu. Matanya langsung mencari sosok yang familiar dan benar saja di sudut favorit mereka Janelle sudah duduk manis sibuk dengan kameranya. Jemarinya lincah mengatur angle sementara di depannya https://t.co/KyxQacGlpw","1964967326991913208","https://pbs.twimg.com/media/G0T3XheacAAPAPV.jpg","","in","","0","1","0","https://x.com/undefined/status/1964967326991913208","924120400769859584",
"1960736782397661567","Wed Aug 27 16:10:52 +0000 2025","602","Sorong masih kacau Acab berkeliaran","1960736782397661567","","","in","","0","1","213","https://x.com/undefined/status/1960736782397661567","1794298849651212288",
"1967121793644458450","Sun Sep 14 07:02:37 +0000 2025","80","knp sih incel-incel tolol ini selalu comment sotoy cewe gamau kepanasan &amp; takut skincare rusak (skincare ga bisa rusak btw paling make up yang meleleh tp kan lo tolol gbs bedain ya) PADAHAL semua cewe yg gue temuin di lapangan malah maju paling depan kena water canon jg ga rewel","1967121793644458450","","","in","","0","4","10","https://x.com/undefined/status/1967121793644458450","1115527493522345990",
"1961085605359534462","Thu Aug 28 15:16:58 +0000 2025","1528","Loh ini Acab? Nasibnya gimana?","1961085605359534462","","","in","","12","54","151","https://x.com/undefined/status/1961085605359534462","1794298849651212288",
"1965738068704625068","Wed Sep 10 11:24:11 +0000 2025","20","‚Äç‚¨õ: minggir gak? : gak. ‚Äç‚¨õ: oke. : *ditiban* https://t.co/PMZDSvRmGU","1965738068704625068","https://pbs.twimg.com/media/G0e0VO1aEAAoA-2.jpg","","in","","0","1","0","https://x.com/undefined/status/1965738068704625068","924120400769859584",
"1967260056040390866","Sun Sep 14 16:12:01 +0000 2025","2","Band juara tiga 24/7 https://t.co/UZKSSwsNXi","1967260056040390866","https://pbs.twimg.com/amplify_video_thumb/1967259975912484864/img/WtM2ms2KJ0DvfboI.jpg","","in","","0","0","0","https://x.com/undefined/status/1967260056040390866","1215437718890541056",
"1963814520444551423","Fri Sep 05 04:00:42 +0000 2025","17","ACAB (Aku Cinta Ayang Benitez)","1963814520444551423","","","in","","0","2","7","https://x.com/undefined/status/1963814520444551423","1195968889617670145",
"1964650505436823658","Sun Sep 07 11:22:36 +0000 2025","45"," rasa hati ingin menjadi php (maaf aku penyakitan) ini spoiler terakhir untuk chapter terakhir all i need. https://t.co/YBPSAN4Zei","1964650505436823658","https://pbs.twimg.com/media/G0PXNkoXMAAXy6I.jpg","","in","","1","7","0","https://x.com/undefined/status/1964650505436823658","924120400769859584",
"1964964100053880843","Mon Sep 08 08:08:43 +0000 2025","4","manusia bisa gak - anti ai art dan chatgpt - dukung palestina - punya empati","1964964100053880843","","","in","","0","1","0","https://x.com/undefined/status/1964964100053880843","1870423073805172736",
"1921840936549536198","Mon May 12 08:12:40 +0000 2025","4255","Kalo fufufafa kapan ditangkep? Acab acab https://t.co/kpDCgMX3bS","1921840936549536198","https://pbs.twimg.com/media/GqvAJZ7akAAQxhF.jpg","","in","","25","44","1502","https://x.com/undefined/status/1921840936549536198","1794298849651212288",
"1920794515469738343","Fri May 09 10:54:33 +0000 2025","667","Udah berapa kali hari ini gw keluarin ni gambar acab https://t.co/OE6R7GF85A","1920794515469738343","https://pbs.twimg.com/media/GqgIbqjXQAEplW_.jpg","","in","","0","2","219","https://x.com/undefined/status/1920794515469738343","1794298849651212288",
"1961146797469892631","Thu Aug 28 19:20:07 +0000 2025","246"," lucu yah ngamuk ngamuk padahal ada gaada acab tetep aja ga berguna kalo berguna udah pasti kasus kasus sebelumnya ga stuck disitu aja https://t.co/13P2B9JckF","1961146797469892631","https://pbs.twimg.com/media/GzdknlaXMAA_arC.jpg","","in","","28","43","26","https://x.com/undefined/status/1961146797469892631","1371650588",
"1965392796501905828","Tue Sep 09 14:48:27 +0000 2025","267","@barengwarga laras dibilang provokatif tpi niat asli aparat adalah menakut2i supaya kita ga protes dan bersuara atas kemarahan kita terhadap kacaunya negara ini BEBASKAN LARAS FAIZATI FUCK U ACAB","1965427085956317431","","barengwarga","in","","0","1","47","https://x.com/undefined/status/1965427085956317431","1815917241914761216",
"1963985398096626132","Fri Sep 05 15:19:42 +0000 2025","188","ayo jangan kira dia orang berhasil meredam mau gimana pun kemarahan warga gak akan bisa dibendung kan? iya kan? ayo marah lagi lebih marah lagi SEPULUH NYAWA TERBUNUH PULUHAN HILANG RATUSAN LUKA RIBUAN DITAHAN ayo lebih marah lagi.","1963985398096626132","","","in","","1","1","88","https://x.com/undefined/status/1963985398096626132","1738713236609159168",
"1963994212141060312","Fri Sep 05 15:54:44 +0000 2025","47","silakan dibaca https://t.co/wVaeWN7nlg https://t.co/MCeVwKcNjb","1963994212141060312","https://pbs.twimg.com/media/G0GCUszbMAAAZ8w.jpg","","in","","2","1","18","https://x.com/undefined/status/1963994212141060312","1738713236609159168",
"1963946977932329288","Fri Sep 05 12:47:02 +0000 2025","508","yaudah kl ga menjawab udah deadline nya kan? ga bisa kan dinego meski 10 nyawa gak bersalah jadi korban. langsung aja tuntutannya 1. turunkan prabowo-gibran 2. bubarkan kabinet merah putih dan seluruh partai yang berkoalisi.","1963946977932329288","","","in","","4","3","287","https://x.com/undefined/status/1963946977932329288","1738713236609159168",
"1961445116423639180","Fri Aug 29 15:05:32 +0000 2025","3303"," OTISTA KEMBALI PECAH Polisi kembali melakukan tindakan represif di Otista. INI ACAB MEMANG SENGAJA MAU MUKULIN WARGA KALI YA https://t.co/0vahTf3IE7","1961445116423639180","https://pbs.twimg.com/media/Gzhz7LXbkAE6fWk.jpg","","in","","65","31","2268","https://x.com/undefined/status/1961445116423639180","1850558971779956736",
"1964195054668394783","Sat Sep 06 05:12:48 +0000 2025","26","Anak bontot ikut emaknya workshop sama temen kantor di villa puncak be like https://t.co/yihXVs9qaB","1964195054668394783","https://pbs.twimg.com/media/G0I4_jHbUAM5BMP.jpg","","in","","0","0","0","https://x.com/undefined/status/1964195054668394783","924120400769859584",
"1965391605180879141","Tue Sep 09 13:01:39 +0000 2025","84","@roblox_fess Bukan ayang tpi temen selalu ngajak summit yg SUSAH sedangkan aku udah bilang dari awal kalau aku ni dontol dia terus bilang gapapa aku carry sampe summit jadi ya dianya yg nawarin aku jujur ga enak lahh dan di beberapa cp aku selalu minta turun juga kok buat nyoba","1965400208881398141","","roblox_fess","in","","2","1","4","https://x.com/undefined/status/1965400208881398141","1575005781631848450",
"1965639393001238842","Wed Sep 10 04:52:05 +0000 2025","71","oot ya tapi di cover beritanya si hyeyoon ini cantik banget kalo poninya kayak dibelah dua gitu apa lah gak ngerti model rambutnya apa tapi cantik apalagi di yutub ini ihhh ngapa sihh bikin jantung aku dag dig dug aja bisanya kek ini gue udah kecintaan banget plis tolongin https://t.co/7SUm8iKXEN","1965639393001238842","https://pbs.twimg.com/media/G0dam7UawAEqTN5.jpg","","in","","0","0","5","https://x.com/undefined/status/1965639393001238842","924120400769859584",
"1964349385849880597","Sat Sep 06 15:26:04 +0000 2025","29","maaf dalam rukun iman enggak ada bagian percaya kepada pemerintah ","1964349385849880597","","","in","","1","1","12","https://x.com/undefined/status/1964349385849880597","1738713236609159168",
"1965347793616376208","Tue Sep 09 09:33:23 +0000 2025","16","byeon wooseok denim ahlinya bikin gue mabuk kepayang. https://t.co/ia1HPjNtSP","1965347793616376208","https://pbs.twimg.com/media/G0ZRZpxbMAA4f5C.jpg","","in","","0","0","1","https://x.com/undefined/status/1965347793616376208","924120400769859584",
"1966033769636524415","Thu Sep 11 06:59:12 +0000 2025","21","udah mati aja difitnah... cuy fitnah dajjal aja cuma kena ke yang idup mau nyaing-nyaingin apa gmn sih?","1966033769636524415","","","in","","0","0","4","https://x.com/undefined/status/1966033769636524415","1115527493522345990",
"1965410518229037218","Tue Sep 09 14:21:51 +0000 2025","863","@barengwarga Nepal enak warganya kompak dan ga kemakan narasi lah disini tantangannya ga cuma pemerintah sendiri tp buzzer influencer tolol manusia manusia pick me tone deaf 02 voter yg belom sadar acab kacang ijo. fuck lah emang Indon","1965420392384004332","","barengwarga","in","","10","24","211","https://x.com/undefined/status/1965420392384004332","103471005",
"1959055137999364353","Sat Aug 23 00:48:37 +0000 2025","1337","Acab bingung habis nyundut muka massa aksi pake rokok eh malah reaksi gini datang dari grassroot Kan gw dah sering bilang distrust leads to disobedience Disobedience leads to unrest Ini bukan ancaman tapi peringatan malah make bajer buat nenggelemin ya mampus aja","1959055137999364353","","","in","","2","22","471","https://x.com/undefined/status/1959055137999364353","1794298849651212288",
"1964889865352601723","Mon Sep 08 03:13:44 +0000 2025","86","minta izin sama mama untuk kembali mencari diriku sendiri karena semua kesedihan yang kutanggung sendirian udah ngga tertampung... and as much as she doesnt like it she's trying to understand... thank you for taking my pain as your own as i have tried my whole life to do that","1964889865352601723","","","in","","1","2","6","https://x.com/undefined/status/1964889865352601723","1115527493522345990",
"1966957432250474601","Sat Sep 13 20:09:30 +0000 2025","8","seongtaetak dukkaninda bn https://t.co/f8L4zd2ptf","1966957432250474601","https://pbs.twimg.com/ext_tw_video_thumb/1437486286005276678/pu/img/sU99jQcTWMw1umNQ.jpg","","in","","0","0","0","https://x.com/undefined/status/1966957432250474601","1943259410937319424",
"1966730237221499281","Sat Sep 13 14:02:23 +0000 2025","2038","@jon_snow9987 @lgabyt Kalau gue pedofil gue udah sama banyak cewek . Lah lu di address pedofil bang bukan playboy ","1966865041887817900","","jon_snow9987","in","","3","3","84","https://x.com/undefined/status/1966865041887817900","278040168",
"1964704427060900036","Sun Sep 07 14:56:52 +0000 2025","21","selasa aku mau bagi bagi ini","1964704427060900036","","","in","","0","14","0","https://x.com/undefined/status/1964704427060900036","1619698171072114689",
"1962015029118591026","Sun Aug 31 04:50:10 +0000 2025","3028","sok iye bgt acab satu ini denial bgt kalo instansinya itu isinya kang lindes semua tanyarl https://t.co/gUFPWLMWm1","1962015029118591026","https://pbs.twimg.com/media/Gzp6RUmXwAAWgsK.jpg","","in","","283","481","379","https://x.com/undefined/status/1962015029118591026","1331650559518990336",
"1963180214940299710","Wed Sep 03 10:00:12 +0000 2025","523"," sekarang ACAB udah terang-terangan yah bukan mengabdi untuk rakyat https://t.co/VZEIFwtmaG","1963180214940299710","https://pbs.twimg.com/media/Gz6eAFjWQAAO-Tl.jpg","","in","","26","48","40","https://x.com/undefined/status/1963180214940299710","1331650559518990336",
"1961379578632359944","Fri Aug 29 10:45:06 +0000 2025","5821"," tolong jelaskan arti dari 1312 ACAB apaan ges?","1961379578632359944","","","in","","24","90","221","https://x.com/undefined/status/1961379578632359944","1331650559518990336",
"1967066803932467667","Sun Sep 14 03:24:07 +0000 2025","62","pas orang kaya mau di eat the rich pada keluar semua bingung belain orang kaya. giliran kemarin ojol mati dilindes ACAB lu pada kemana? oiya sih Tuhannya Uang dimana Uang tersimpan disana harus dibela","1967066803932467667","","","in","","0","7","22","https://x.com/undefined/status/1967066803932467667","1278269892882337792",
"1963170290936201284","Wed Sep 03 09:20:45 +0000 2025","6","Wst udah jelaskan ACAB tidak mengabdi untuk rakyat https://t.co/2mLk9D8PAp","1963170290936201284","https://pbs.twimg.com/media/Gz6U-QRboAA9D4v.jpg","","in","","0","5","1","https://x.com/undefined/status/1963170290936201284","1291404424250712064",
"1965697169522061564","Wed Sep 10 08:41:40 +0000 2025","35","sebagai pecinta cewek cantik berhati baik buat cewek cantik berhati brengsek jelek bau kaporit mending minggir.","1965697169522061564","","","in","","0","0","1","https://x.com/undefined/status/1965697169522061564","924120400769859584",
"1966528390086709410","Fri Sep 12 15:44:39 +0000 2025","63","ga punya skala prioritas pure vanity dan foya-foya aja supaya terlihat peduli. fasilitas tersier dikasih yang mahal dan wah tapi ngasih makanan yang ga bikin masuk rumah sakit malah susah.","1966528390086709410","","","in","","0","2","17","https://x.com/undefined/status/1966528390086709410","1115527493522345990",
"1966894426774819096","Sat Sep 13 15:59:09 +0000 2025","24","DPR gajinya puluhan juta per bulan belum sama tunjangan reses &amp; aspirasi &amp; whatever the fuck tapi kok pura-pura miskin kita aminin aja kali ya biar jadi doa","1966894426774819096","","","in","","0","0","7","https://x.com/undefined/status/1966894426774819096","1115527493522345990",
"1967033094977863941","Sun Sep 14 03:23:28 +0000 2025","53","@__1312_acab @tanyakanrl naudzubillah jadi anak punya ortu kaya lu. alhamdulillah ayahku selalu anter jemput aku kemanapun dan gapernah nagih duit gaji apalagi ngungkit masalah makan dan ongkos jemput. lu yang setan tolol.","1967066643965898862","","__1312_acab","in","","0","1","0","https://x.com/undefined/status/1967066643965898862","1630162833530048512",
"1963927847174549575","Fri Sep 05 11:31:01 +0000 2025","21","biasain sama gesekan wajar kalo ada gagasan gagasan yang bersebrangan berkali-kali gue bilang endingnya kita ketemu di line yang sama sama-sama ditindas kepala kita masih di bawah sepatu para orang-orang yang menganggap dirinya negarawan","1963927847174549575","","","in","","0","1","4","https://x.com/undefined/status/1963927847174549575","1738713236609159168",
"1964988330455785837","Mon Sep 08 09:45:00 +0000 2025","304","Indonesia #ACAB https://t.co/uS8s5g6wy0","1964988330455785837","https://pbs.twimg.com/amplify_video_thumb/1964806540784713728/img/AWS3kJYsJpjppv14.jpg","","in","","3","6","54","https://x.com/undefined/status/1964988330455785837","1720152282",
"1960846622264582380","Wed Aug 27 23:27:20 +0000 2025","1141","Acab takut sama live tiktok yaudah live di Pornhub aja","1960846622264582380","","","in","","2","37","310","https://x.com/undefined/status/1960846622264582380","1794298849651212288",
"1964007098670305311","Fri Sep 05 16:45:56 +0000 2025","644","JANGAN PERCAYA SELAIN AHMAT SAHRONI DAN UYA KUYA MASIH BANYAK! MEREKA GA AKAN SEGAN NUMBALIN KROCONYA INGET SEMUANYA STRUKTURAL HARUS DISELESAIKAN DENGAN STRUKTURAL PULA!","1964007098670305311","","","in","","1","0","327","https://x.com/undefined/status/1964007098670305311","1738713236609159168",
"1965788385634898421","Wed Sep 10 14:44:08 +0000 2025","45","dan buat orang-orang yang lancang ini juga orang-orang yang bukan subeom tapi ihh kak ada apa sihh? bisikin dong~ terus berakhir nginjek-nginjek subeom malu cok. daripada gedein ketawanya mending gedein deh malunya. dah gede coba belajar nahan diri jangan suka ngintipin","1965788385634898421","","","in","","0","0","3","https://x.com/undefined/status/1965788385634898421","924120400769859584",
"1964180898573889913","Sat Sep 06 04:16:33 +0000 2025","26","setelah ini beberapa dari kalian akan selalu orang pantau dari konsistensi cara kalian mengcounter narasi utama/buzzer cara kalian spreading awareness sikap stance political view dan sebagainya. sebenernya semua itu tanggung jawab bersama bukan kalian doang.","1964180898573889913","","","in","","0","1","5","https://x.com/undefined/status/1964180898573889913","1738713236609159168",
"1967093746274914696","Sun Sep 14 05:11:10 +0000 2025","23","Iya emang beliau harus dipajakin dan dia juga setuju! Wkwk apasih orang suka banget bentur2in.","1967093746274914696","","","in","","0","1","2","https://x.com/undefined/status/1967093746274914696","278040168",
"1966923674755494395","Sat Sep 13 17:55:22 +0000 2025","14","terpantau hapus tweet &amp; ngeblock tapi tetep ngetweet ngatain cewe WAKWAWWW incel bloon https://t.co/f671gkm6Na","1966923674755494395","https://pbs.twimg.com/media/G0vqp7zbwAAMovA.jpg","","in","","0","0","1","https://x.com/undefined/status/1966923674755494395","1115527493522345990",
"1966358732306342066","Fri Sep 12 04:30:29 +0000 2025","20","apa lagi moNYEEEETTTT lo pikir kalo ada smart TV murid jadi ikutan smart kah? TV-nya kah yang ngajar? ","1966358732306342066","","","in","","0","3","1","https://x.com/undefined/status/1966358732306342066","1115527493522345990",
"1965649994515657209","Wed Sep 10 05:34:13 +0000 2025","2","minta maap mulu udah ky mpok minah https://t.co/PrWnBfSlzF","1965649994515657209","https://pbs.twimg.com/amplify_video_thumb/1691108468030373888/img/vO8yWXRtGggtoa2H.jpg","","in","","0","0","0","https://x.com/undefined/status/1965649994515657209","1115527493522345990",
"1967189125515055613","Mon Sep 15 00:50:31 +0000 2025","3","@tanyakanrl 2 pilar kehidupan https://t.co/Nf0uviXNjZ","1967390537474093314","https://pbs.twimg.com/media/G02TQ3waAAAbg4v.jpg","tanyakanrl","in","","0","1","0","https://x.com/undefined/status/1967390537474093314","883689566518992896",
"1965404333224374386","Tue Sep 09 14:55:55 +0000 2025","89","@WidasSatyo semua koruptor di indo deserves this biar kapok. tapi kayanya bakal susah soalnya acab bakal mode anjing penjaga dengan mobil besar dan full armor","1965428964152987703","","WidasSatyo","in","","0","0","4","https://x.com/undefined/status/1965428964152987703","1379416491997585408",
"1967428752604082518","Mon Sep 15 03:22:22 +0000 2025","19","Kalo sampe segininya buat ngasih tau masyarakat brrti kerja kalian kurang menjangkau semua masyarakat masa rakyat gatau kalo pemerintahnya sudah mengerjakan banyak hal ga mungkinn dongg Ô∏èÔ∏è","1967428752604082518","","","in","","0","0","0","https://x.com/undefined/status/1967428752604082518","1028664609207504896",
"1964339580565651914","Sat Sep 06 14:47:06 +0000 2025","34","lebih kasian gw pak demi dah can u send me 500USD for buy some intisari and talk with me along night??","1964339580565651914","","","in","","4","4","0","https://x.com/undefined/status/1964339580565651914","1738713236609159168",
"1965579505755717951","Wed Sep 10 00:54:07 +0000 2025","16","mau heran kok takut sama berita baru inget kalian kan sama buku aja takut. merdeka dari buta huruf tapi fobia membaca dan pembaca.","1965579505755717951","","","in","","0","0","3","https://x.com/undefined/status/1965579505755717951","1115527493522345990",
"1964737059710546227","Mon Sep 08 00:21:27 +0000 2025","155","@f1speed_indo sehat-sehat darah rendah masuk ferrari langsumg darah tinggi fix","1964846510455300141","","f1speed_indo","in","","2","0","13","https://x.com/undefined/status/1964846510455300141","1423181392674902017",
"1964150425827103211","Sat Sep 06 02:15:28 +0000 2025","14","akhirnya cabut yee bas rispekkk","1964150425827103211","","","in","","0","0","3","https://x.com/undefined/status/1964150425827103211","1738713236609159168",
"1965377762178597046","Tue Sep 09 11:32:28 +0000 2025","19","gue gak sabar banget pengen nonton human from today plisss cepet tayangg„Ö†„Ö†","1965377762178597046","","","in","","0","0","3","https://x.com/undefined/status/1965377762178597046","924120400769859584",
"1964247100108968407","Sat Sep 06 09:00:55 +0000 2025","268","@anfess_ tiati ges ACAB nih intel gaje","1964252463382352186","","anfess_","in","","0","2","2","https://x.com/undefined/status/1964252463382352186","1864227899186069504",
"1964464605742477497","Sat Sep 06 23:03:54 +0000 2025","3"," terakhir lay gege poto sma member yg laen pas poto enlist wamil bjir. apakah ini pertanda kambek ber9 https://t.co/chaeckFqhY","1964464605742477497","https://pbs.twimg.com/tweet_video_thumb/G0MuJTlXAAACn-U.jpg","","in","","0","0","0","https://x.com/undefined/status/1964464605742477497","996195293572943872",
"1966509254975557995","Fri Sep 12 14:28:37 +0000 2025","3","Tetep ga suka gue sama hp yang kameranya banyak dan gede gede ini ","1966509254975557995","","","in","","0","0","0","https://x.com/undefined/status/1966509254975557995","1388608883145338883",
"1964166632923681249","Sat Sep 06 03:56:12 +0000 2025","37","@Afutami konsistensi bagus kalo dengerin masukan. gaet lebih banyak lagi untuk kontra narasi utama yg dibangun media massa yg dikontrol rezim support lembaga advokasi hukum relawan medis dan coba lebih grounded lagi. melebur aja sama kolektif-kolektif lainnya sekalian belajar juga","1964175777748177033","","Afutami","in","","0","0","2","https://x.com/undefined/status/1964175777748177033","1738713236609159168",
"1965322820554199324","Tue Sep 09 07:54:09 +0000 2025","20","Woy parcok lu klo gamau dibilang acab ya revolt jing kan idealnya bs pas demo ga ngelawan kt tp instead ngebantu kt ketemu ke petinggi2 itu lu sm parjo tu cmn alat mereka tp klo kalian mau mihak rakyat mereka akan kehilangan pertahanan mereka KNP SIH GBS GT AJA ARGH","1965322820554199324","","","in","","0","0","0","https://x.com/undefined/status/1965322820554199324","1014797742831366144",
"1902725508724576402","Thu Mar 20 14:14:46 +0000 2025","28497","DI SAMSAKIN DI RUMAH SAKIT PELNI SAMA ACAB","1902725508724576402","","","in","","1272","469","8686","https://x.com/undefined/status/1902725508724576402","1850558971779956736",
"1965777864848179596","Wed Sep 10 14:02:20 +0000 2025","32","tolong dibaca dipahami dan dijalani ygy. mau gimana pun it's their privacy which we should always protect. kalo emang bener ya bonus kalo salah ya udah gak kecewa-kecewa amat &lt;3","1965777864848179596","","","in","","5","0","2","https://x.com/undefined/status/1965777864848179596","924120400769859584",
"1963892511954424130","Fri Sep 05 09:10:37 +0000 2025","22","tau sendiri mereka segampang itu nurunin Intel buat ngehack org-org yg speak up. but y'all wanna be perfect all the time it's tiringggg gw juga ga suka jokes seksual but come on we all know they're referring to the actual acab","1963892514865160542","","hplssrmntics","in","","0","0","3","https://x.com/undefined/status/1963892514865160542","964959874407809024",
"1965704260773183785","Wed Sep 10 09:09:51 +0000 2025","17","WOYYY DAH TAYANGG AYO SERBU MAMELLLLL https://t.co/Lo1BoVBF0n","1965704260773183785","https://pbs.twimg.com/media/G0eVm6dagAA7I75.jpg","","in","","0","0","3","https://x.com/undefined/status/1965704260773183785","924120400769859584",
"1967085969389260820","Sun Sep 14 04:40:16 +0000 2025","4","Sherina diperiksa 11 jam cuma gegara nyelamatin kucing Uya dari kerusuhan. Hal yang harusnya bisa kelar dengan: S: Uy kucing u di w mau diambil kapan? U: siang w jemput y thx loh Sher. S: Emang ACAB.","1967085969389260820","","","in","","0","0","5","https://x.com/undefined/status/1967085969389260820","1466250199089614848",
"1964909943372554459","Mon Sep 08 04:33:31 +0000 2025","3","wtb xl akrab kalau ada mau yg under 50k. no bekasan pls #zonauang #zonajajan","1964909943372554459","","","in","","0","4","0","https://x.com/undefined/status/1964909943372554459","1236116593836318720",
"1965383767750836482","Tue Sep 09 11:56:19 +0000 2025","2","Karna pada gapunya kerjaan. They have a bunch of free time to judge other people sementara mereka sendiri sebenernya masih stuck di kehidupan yang gitu-gitu aja. Yang lebih simple lagi: mereka suka ngedrama wkwk","1965383767750836482","","","in","","0","0","0","https://x.com/undefined/status/1965383767750836482","1804434363926614016",
"1966326712339435603","Fri Sep 12 02:23:15 +0000 2025","55","sudahkah kamu menggerakkan roda perekonomian hari ini? aku tadi jajan beras kencur sama kunyit asem https://t.co/MxwUHKUiSP","1966326712339435603","https://pbs.twimg.com/media/G0nLtujaMAAlejR.jpg","","in","","2","11","1","https://x.com/undefined/status/1966326712339435603","1115527493522345990",
"1964106753777209417","Sat Sep 06 09:19:30 +0000 2025","26","@imamuhidate @txtdrpemerintah gong nya lu ikutan jg ngolok¬≤ diri lu sndiri","1964257138743582855","","imamuhidate","in","","0","0","0","https://x.com/undefined/status/1964257138743582855","1205360642221170688",
"1964174216343015599","Sat Sep 06 03:50:00 +0000 2025","25","#ACAB Graffiti Seen in Indonesia https://t.co/yL8N94O5ay","1964174216343015599","https://pbs.twimg.com/amplify_video_thumb/1964062033306869760/img/Cc_LkxUcPR2gO31Q.jpg","","in","","0","1","4","https://x.com/undefined/status/1964174216343015599","1720152282",
"1963853601094471951","Fri Sep 05 06:35:59 +0000 2025","41","Nulis ACAB tapi belain banteng itu ibarat gobloknya dobel","1963853601094471951","","","in","","4","2","24","https://x.com/undefined/status/1963853601094471951","1757868126975541248",
"1966007991527973133","Thu Sep 11 05:16:46 +0000 2025","20","rumah ortu cuma 1 satu-satunya aset keluarga yang mati-matian diperjuangin nyokap setelah economic downfall keluarga pasca pensiun bokap tp alhamdulillah diajarin berbagi dari kecil sampe ga ada iri-irian sama adek jadi instead of satu-satunya warisan dibagi 2 kalo mama nggak","1966007991527973133","","","in","","0","1","0","https://x.com/undefined/status/1966007991527973133","1115527493522345990",
"1964975263202341214","Mon Sep 08 08:53:04 +0000 2025","4","Kalo ada yang keberatan warna pink-nya dari ibu-ibu yang ngomong kasar yaudah dari celananya sahroni sja #ResetIndonesia #acab #1312 https://t.co/RheUXoRZm7","1964975263202341214","https://pbs.twimg.com/amplify_video_thumb/1964975173351931904/img/0E5tBHJxcREREKW5.jpg","","in","","0","1","2","https://x.com/undefined/status/1964975263202341214","1269655354146684928",
"1966884708018778249","Sat Sep 13 15:20:31 +0000 2025","19","abis nonton andai ibu tidak menikah dengan ayah dan setelah keluar dari teaternya gue mengajak duel siapapun yang lewat","1966884708018778249","","","in","","0","7","0","https://x.com/undefined/status/1966884708018778249","1115527493522345990",
"1966368675725746411","Fri Sep 12 05:10:00 +0000 2025","27","ACAB cat in Azerbaijan. https://t.co/YsKB7G8fIE","1966368675725746411","https://pbs.twimg.com/media/G0mdEdWW4AApQQu.jpg","","in","","0","0","3","https://x.com/undefined/status/1966368675725746411","1720152282",
"1963908899876053174","Fri Sep 05 10:15:44 +0000 2025","35","nanti lnjut update terakhir home page tapi setelah itu home page gak akan ada update lagi sampai waktu yg belum ditentukan","1963908899876053174","","","in","","1","4","1","https://x.com/undefined/status/1963908899876053174","1787809207519240192",
"1964030452878266672","Fri Sep 05 18:18:44 +0000 2025","3","akhirnya ada yang speak up. gw rasa makin kesini maknanya jadi bergeser. ACAB All Cops Are Bastards malah jadi macem-macem","1964030452878266672","","","in","","0","2","0","https://x.com/undefined/status/1964030452878266672","1832951419437252608",
"1966721914849948159","Sat Sep 13 04:33:39 +0000 2025","20","ini pada mau crowdfunding ga?","1966721914849948159","","","in","","0","4","5","https://x.com/undefined/status/1966721914849948159","1115527493522345990",
"1964584091652895031","Sun Sep 07 06:58:42 +0000 2025","15","Murid aku tahun ini ada yang dari Gonzaga. Rambutnya gondrong dimana jelas ga boleh di sekolah negeri. Dia cerita kenapa SMA disana sambil nunjuk rambutnya. Dan u know what? Dia pinterrr banget dan attitudenya bagus banget!","1964584091652895031","","","in","","1","1","4","https://x.com/undefined/status/1964584091652895031","278040168",
"1966919696265154672","Sat Sep 13 17:39:33 +0000 2025","24","kenapa di 17+8 gada tuntutan buat hapus mbg ya? padahal 400 orang udah keracunan dan yang didapet juga begini lho kenapa kira kira tuh bang messi?","1966919696265154672","","","in","","0","3","1","https://x.com/undefined/status/1966919696265154672","1738713236609159168",
